question,answer
"What is a brass instrument?","A brass instrument is a musical instrument that produces sound through the vibration of the player's lips against a metal mouthpiece. Common brass instruments include the trumpet, trombone, tuba, and French horn."
"How do brass instruments work?","Brass instruments work by the musician buzzing their lips into a mouthpiece, creating vibrations that are amplified through a hollow metal tubing."
"What is the most popular brass instrument?","The trumpet is widely considered the most popular brass instrument due to its versatility and use in many musical genres."
"How many types of brass instruments are there?","There are many types of brass instruments, but the most common include the trumpet, trombone, tuba, French horn, euphonium, and cornet."
"What is the largest brass instrument?","The tuba is the largest brass instrument, and it is known for its deep, resonant sound."
"What is a French horn?","A French horn is a brass instrument with a circular shape, characterized by a mellow, rich tone. It is played by using a combination of valves and lip vibrations."
"How is a trombone different from a trumpet?","A trombone differs from a trumpet in that it uses a slide to change pitch, while the trumpet uses valves. The trombone has a lower pitch range than the trumpet."
"Can a trumpet be played in any key?","Yes, a trumpet is typically pitched in Bâ™­, but it can be played in other keys by using different fingerings and altering the embouchure."
"What is the role of valves in brass instruments?","Valves in brass instruments are used to change the pitch by altering the length of the instrument's tubing, allowing the player to reach different notes."
"What are some famous brass players?","Some famous brass players include Louis Armstrong (trumpet), Miles davis(trumpet), JJ johnson(trombone)"
